{
  "x": 672844.2950143164,
  "y": 4010748.2882388034,
  "z": 0.0,
  "rotation_x": 0.0,
  "rotation_y": 0.0,
  "rotation_z": 0.110562562888093,
  "rotation_w": 0.9938691662827741
}
